location;Bazylea;Bazylea;Bazylea;Bazylea;Bazylea;Bazylea;Bazylea
lat;47,546944;47,546944;47,546944;47,546944;47,546944;47,546944;47,546944
lon;7,568918;7,568918;7,568918;7,568918;7,568918;7,568918;7,568918
asl;283,69672;283,69672;283,69672;283,69672;283,69672;283,69672;283,69672
variable;Temperature;Temperature;Temperature;Mean Sea Level Pressure;Mean Sea Level Pressure;Mean Sea Level Pressure;Precipitation Total
unit;øC;øC;øC;hPa;hPa;hPa;mm
level;2 m elevation corrected;2 m elevation corrected;2 m elevation corrected;MSL;MSL;MSL;sfc
resolution;daily;daily;daily;daily;daily;daily;daily
aggregation;Minimum;Maximum;Mean;Minimum;Maximum;Mean;Summation
timestamp;Bazylea Temperature [2 m elevation corrected];Bazylea Temperature [2 m elevation corrected];Bazylea Temperature [2 m elevation corrected];Bazylea Mean Sea Level Pressure [MSL];Bazylea Mean Sea Level Pressure [MSL];Bazylea Mean Sea Level Pressure [MSL];Bazylea Precipitation Total
2024-01-01T00:00:00;4,7105284;9,440529;6,6680284;1011,8;1014,7;1013,4958;0
2024-01-02T00:00:00;6,3805285;11,370529;9,392613;1002,1;1011,4;1006,5916;1,8000001
2024-01-03T00:00:00;8,030529;12,400529;10,241362;1002,4;1005,3;1003,6209;0,6
2024-01-04T00:00:00;4,5505285;10,410529;7,6067777;1005,8;1011,2;1009;0
2024-01-05T00:00:00;3,5105286;8,090529;6,5946956;1004,2;1007,6;1005,2917;4,4
2024-01-06T00:00:00;3,6405284;6,9205284;5,1446953;1005,7;1008,7;1007,39996;0,8
2024-01-07T00:00:00;-0,039471343;5,3605285;2,4930284;1008;1019,1;1013,3042;4,7999997
2024-01-08T00:00:00;-1,2394713;3,6405284;0,6367786;1018,8;1023,4;1020,9541;0,1
2024-01-09T00:00:00;-3,9494715;1,4005287;-1,193638;1023,8;1027,2;1025,7125;0
2024-01-10T00:00:00;-1,5594714;5,0605288;0,65011185;1023,6;1027,6;1025,9376;0,3
2024-01-11T00:00:00;-3,3294713;1,7705287;-1,3823881;1026,5;1030,8;1027,9043;0
2024-01-12T00:00:00;-2,9894714;1,5505286;-1,1482214;1028,5;1031,1;1029,596;0
2024-01-13T00:00:00;-3,5694714;2,4505286;-0,7840546;1018,7;1027,9;1023,9165;0
2024-01-14T00:00:00;-2,3994715;4,3205285;1,1392785;1005,9;1018;1011,2751;0
2024-01-15T00:00:00;-2,2894714;3,1905286;0,47552863;1003,5;1011,8;1006,92084;0,5
2024-01-16T00:00:00;-3,8094714;3,0205286;-0,31030473;1002,4;1012,2;1009,12085;0
2024-01-17T00:00:00;0,6305287;14,340529;8,81928;985,2;1001,8;989,7874;4,4
2024-01-18T00:00:00;-0,25947133;12,450529;4,856362;983,7;1010,5;994,87085;5,8
2024-01-19T00:00:00;-2,7694714;2,2905285;-0,5282214;1011,8;1026,2;1019,49994;0
2024-01-20T00:00:00;-3,5894713;3,3605285;-0,57488817;1026,8;1031,1;1029,5667;0
2024-01-21T00:00:00;-2,7694714;7,6405287;2,155945;1029,4;1031,9;1030,8209;0
2024-01-22T00:00:00;0,7705287;13,520529;7,7617784;1021,1;1029,9;1025,5;7,7999997
2024-01-23T00:00:00;5,6505284;10,330529;8,013863;1030,1;1037,1;1033,3834;0,2
2024-01-24T00:00:00;10,270529;13,670529;11,941779;1029,4;1033,8;1031,5416;1
2024-01-25T00:00:00;7,1905284;12,930529;10,870529;1029,7;1033,1;1031,5709;0,6
2024-01-26T00:00:00;5,0905285;13,680529;9,370112;1029,4;1038;1031,9501;1,3000001
2024-01-27T00:00:00;0,99052864;10,460529;5,703029;1034,9;1039,8;1037,3168;0
2024-01-28T00:00:00;0,62052864;11,900529;5,6696963;1031,1;1035,8;1033,4249;0
2024-01-29T00:00:00;3,8605285;13,900529;7,751362;1029,9;1034,8;1032,5792;0
2024-01-30T00:00:00;4,5305285;13,420529;8,858029;1031,9;1035,3;1033,2083;0
2024-01-31T00:00:00;5,7105284;12,470529;8,549277;1032,7;1036,6;1034,7917;0
2024-02-01T00:00:00;5,4905286;11,180529;8,783029;1032,3;1035,9;1033,6833;0,3
2024-02-02T00:00:00;6,0605288;12,010529;8,175529;1034,7;1038,4;1036,2833;0
2024-02-03T00:00:00;3,6505284;10,400529;6,468862;1032,5;1036,7;1034,5416;0
2024-02-04T00:00:00;5,1105285;10,280529;6,955946;1030,9;1033,4;1032,121;0
2024-02-05T00:00:00;3,7105286;12,430529;7,663862;1024,9;1031,6;1028,1582;0
2024-02-06T00:00:00;5,4805284;10,590529;7,429278;1020;1025,5;1022,49994;0
2024-02-07T00:00:00;6,6705284;13,210529;10,106362;1004,9;1019,7;1012,02075;0
2024-02-08T00:00:00;9,690529;15,910529;12,593446;995;1004,3;1000,5334;0,1
2024-02-09T00:00:00;8,850529;14,530529;11,378863;986,2;993,8;989,946;3,3
2024-02-10T00:00:00;7,6105285;11,680529;9,890946;981,3;986,7;983,72504;0,2
2024-02-11T00:00:00;6,7705283;10,650529;8,210945;986,5;1001,1;993,5334;0
2024-02-12T00:00:00;5,2705283;10,530529;7,6113625;1001,3;1015,4;1007,5168;0
2024-02-13T00:00:00;3,1605287;11,240529;7,365112;1016,1;1022,5;1020,5334;0
2024-02-14T00:00:00;7,2005286;15,700529;11,268447;1022,3;1025;1023,77075;0
2024-02-15T00:00:00;6,5105286;17,63053;11,843029;1014,7;1024,7;1019,3708;0
2024-02-16T00:00:00;11,410529;16,160528;13,371779;1015,6;1024,6;1019,3874;0,1
2024-02-17T00:00:00;8,410529;11,680529;10,653862;1025,3;1035,1;1031,2876;0,3
2024-02-18T00:00:00;6,5705285;14,560529;10,103446;1028,3;1035,3;1031,525;2,6
2024-02-19T00:00:00;8,370529;12,580529;9,943028;1027,9;1031,2;1029,475;0,4
2024-02-20T00:00:00;6,3105288;12,350529;8,845112;1027,7;1031,1;1029,3167;0
2024-02-21T00:00:00;6,2305284;14,090529;9,953029;1012,6;1027,4;1019,8582;0
2024-02-22T00:00:00;6,9505286;12,780529;10,594279;991,7;1011,8;1000,42487;7
2024-02-23T00:00:00;1,7805287;9,610529;6,434695;996,4;1000,9;998,3083;0,1
2024-02-24T00:00:00;3,6205285;10,8005295;6,8121953;998;1008,9;1003,51245;0,6
2024-02-25T00:00:00;1,6705287;12,110529;7,3446956;998,2;1009,7;1004,60004;0
2024-02-26T00:00:00;6,1505284;12,020529;8,181779;997,5;1004,9;1000,1875;0,4
2024-02-27T00:00:00;6,0905285;12,920529;8,955946;1006;1014,8;1009,50415;0
2024-02-28T00:00:00;3,1505284;11,140529;7,0321956;1015,2;1020,7;1018,77075;0
2024-02-29T00:00:00;2,2905285;13,930529;8,372612;1007,1;1019,3;1012,57495;0
2024-03-01T00:00:00;6,5605288;11,680529;8,638862;1003,9;1010,8;1007,12915;0,90000004
2024-03-02T00:00:00;4,4105287;16,12053;9,700946;996,2;1004,1;1000,4541;0
2024-03-03T00:00:00;6,6605287;15,720529;10,296363;992,1;1001;996,04584;0
2024-03-04T00:00:00;5,2205286;10,070529;7,578029;1001,7;1012,1;1008,52075;0
2024-03-05T00:00:00;5,790529;10,020529;7,873446;1012,5;1017,6;1014,7249;0
2024-03-06T00:00:00;4,1605287;9,540529;6,8946953;1017,5;1022,8;1020,2376;0,6
2024-03-07T00:00:00;3,9005284;10,570529;7,005529;1014,7;1021,7;1018,2083;0
2024-03-08T00:00:00;0,73052865;13,960529;7,3255286;1003;1014,2;1008,0166;0
2024-03-09T00:00:00;4,0905285;16,06053;10,218863;993,2;1004,7;999,15405;0
2024-03-10T00:00:00;4,8905287;11,610529;7,628863;989,4;998,3;993,1042;10
2024-03-11T00:00:00;3,0905285;13,900529;8,320945;999;1012,4;1004,49994;0
2024-03-12T00:00:00;4,3205285;11,850529;8,589696;1012,7;1018,5;1016,23334;1,9
2024-03-13T00:00:00;7,8105288;14,690529;11,298028;1015,3;1019,8;1018,09576;7,8
2024-03-14T00:00:00;6,9305286;18,160528;13,19678;1013,2;1019,5;1016,4917;0
2024-03-15T00:00:00;11,250529;16,47053;13,708447;1014,2;1018,2;1016,14575;2,6
2024-03-16T00:00:00;9,440529;13,280529;11,360946;1018;1026;1021,95;0
2024-03-17T00:00:00;6,3705287;16,330528;11,971779;1018,5;1025,9;1022,2085;0
2024-03-18T00:00:00;10,370529;14,8005295;12,445946;1015,5;1018,7;1016,8999;15,500001
2024-03-19T00:00:00;8,170529;17,500528;13,154279;1017;1019,4;1018,58746;0
2024-03-20T00:00:00;8,120529;19,79053;14,29803;1018,4;1021,3;1019,5376;0
2024-03-21T00:00:00;11,590529;17,96053;14,750529;1021,5;1025,7;1024,1373;0
2024-03-22T00:00:00;10,170529;19,79053;14,248863;1012,5;1026,2;1019,57916;0
2024-03-23T00:00:00;4,1205287;12,090529;8,245528;1010,6;1018;1014,23737;1,2
2024-03-24T00:00:00;3,3305285;9,310529;5,8867793;1012,3;1015,3;1013,7583;1,1
2024-03-25T00:00:00;1,5705286;13,670529;8,097196;996,6;1012,9;1004,93335;0
2024-03-26T00:00:00;4,4805284;18,170528;11,547612;987,5;997,8;991,55414;0
2024-03-27T00:00:00;4,6205287;11,650529;7,917195;985,4;993,1;989,39996;2,5
2024-03-28T00:00:00;0,66052866;11,980529;7,981362;988,2;1000,3;994,67505;2,9
2024-03-29T00:00:00;3,9805286;22,100529;13,434279;995,9;1000;997,75;0
2024-03-30T00:00:00;8,260529;21,55053;13,503863;992,7;1001,2;996,8875;8,9
2024-03-31T00:00:00;5,7105284;19,39053;12,633447;994;1000,9;996,94995;2,2
2024-04-01T00:00:00;6,4005284;12,490529;10,173028;992,2;1009;1002,31683;4,2999997
2024-04-02T00:00:00;6,3505287;14,600529;9,994696;1009,8;1014,6;1013,0918;0
2024-04-03T00:00:00;9,100529;15,840529;12,085944;1010,8;1016,3;1012,4416;0,2
2024-04-04T00:00:00;8,700529;17,860529;14,034282;1014,3;1017,2;1015,83746;0,5
2024-04-05T00:00:00;11,170529;24,62053;17,691778;1014,9;1018,8;1016,53326;0
2024-04-06T00:00:00;10,540529;25,96053;18,758028;1014,8;1020,8;1017,6416;0
2024-04-07T00:00:00;10,570529;26,70053;18,472197;1013,4;1020,3;1016,4709;0
2024-04-08T00:00:00;12,770529;29,100529;20,453865;1006,5;1015,8;1011,3835;0
2024-04-09T00:00:00;7,4205284;16,32053;11,207195;1008,9;1025,8;1018,62915;1,8
2024-04-10T00:00:00;6,3305287;13,790529;9,659279;1025,8;1032,5;1029,1666;0,2
2024-04-11T00:00:00;4,9605284;17,73053;11,848029;1032,1;1035,7;1033,9375;0
2024-04-12T00:00:00;9,360529;21,860529;16,048029;1030,2;1036,3;1033,2583;0
2024-04-13T00:00:00;12,840529;26,160528;19,687195;1023,6;1031;1027,225;0
2024-04-14T00:00:00;12,940529;25,410528;20,136362;1016,8;1025,1;1021,7625;0
2024-04-15T00:00:00;5,7605286;19,360529;15,569279;1008,7;1015,7;1011,6584;6,7
2024-04-16T00:00:00;4,2605286;9,950529;7,1742783;1009,5;1012;1010,94165;2,6999998
2024-04-17T00:00:00;4,2605286;9,310529;6,507196;1011;1013,5;1012,425;8,9
2024-04-18T00:00:00;1,7905287;9,970529;5,6205287;1013,2;1023,2;1017,8291;6
2024-04-19T00:00:00;2,5705285;11,110529;7,634279;1011,8;1023,3;1016,77936;3,2
2024-04-20T00:00:00;2,3605285;9,040529;6,095529;1016,2;1023,2;1020,54584;2,3999999
2024-04-21T00:00:00;0,62052864;6,8705287;3,5817788;1018,4;1022,7;1020,73737;14,5
2024-04-22T00:00:00;-0,5494713;10,100529;5,3926125;1017,5;1021,3;1019,16254;0,3
2024-04-23T00:00:00;0,50052863;10,370529;6,1746955;1014,3;1019,3;1016,3916;0
2024-04-24T00:00:00;3,1505284;9,240529;5,730946;1010,4;1015,3;1012,9541;0,90000004
2024-04-25T00:00:00;0,24052864;11,600529;7,434278;1007,1;1013,4;1010,09576;0
2024-04-26T00:00:00;5,6405287;13,620529;10,190112;1006,5;1010,6;1007,99176;1,5000001
2024-04-27T00:00:00;5,4405284;20,910528;13,343029;1006,3;1011,5;1009,1126;0
2024-04-28T00:00:00;10,380529;17,580528;13,461361;1009,8;1019,3;1014,55005;0,3
2024-04-29T00:00:00;10,110529;22,110529;16,065947;1015,2;1020,4;1018,09576;0
2024-04-30T00:00:00;9,650529;24,54053;17,38553;1010,3;1017,8;1013,8626;0
2024-05-01T00:00:00;11,540529;25,23053;18,077612;999,9;1011,6;1004,6042;0
2024-05-02T00:00:00;9,910529;14,8005295;11,898862;1000,6;1011,5;1005,23755;14,900001
2024-05-03T00:00:00;9,130529;16,05053;12,315529;1011,9;1017,2;1015,60004;0
2024-05-04T00:00:00;10,140529;19,96053;14,963862;1011,3;1017,2;1013,84174;0
2024-05-05T00:00:00;12,690529;21,030529;16,520529;1010,5;1013,6;1012,04584;4,3
2024-05-06T00:00:00;11,390529;14,930529;13,432612;1008,2;1015,1;1011,18744;20,6
2024-05-07T00:00:00;10,3005295;17,170528;13,4480295;1013,8;1019,6;1016,09155;1,5000002
2024-05-08T00:00:00;7,9105287;17,680529;12,897613;1019,9;1025,7;1022,7166;0,90000004
2024-05-09T00:00:00;8,470529;21,39053;15,065113;1020,6;1026,4;1023,52496;0
2024-05-10T00:00:00;9,120529;22,740528;16,345112;1018,2;1023,6;1021,0083;0
2024-05-11T00:00:00;9,790529;24,530529;18,561363;1017,1;1020,9;1019,08325;0
2024-05-12T00:00:00;12,310529;25,56053;19,870527;1013,8;1019,8;1016,9334;1,3000001
2024-05-13T00:00:00;15,400529;23,580528;19,003445;1008,6;1015,4;1012,0166;2,2
2024-05-14T00:00:00;12,400529;25,690529;17,938864;1004;1008,1;1005,85004;1,8000001
2024-05-15T00:00:00;13,210529;18,020529;15,342613;1003,9;1006,1;1005,0999;7,000001
2024-05-16T00:00:00;10,520529;16,79053;13,304696;1005,7;1009,1;1007,25824;15
2024-05-17T00:00:00;10,200529;18,21053;13,971362;1008,6;1013;1010,3291;17,8
2024-05-18T00:00:00;10,030529;20,31053;15,060944;1010,9;1013,9;1012,47516;0,2
2024-05-19T00:00:00;11,770529;21,30053;16,422613;1010,9;1013,1;1011,9876;0
2024-05-20T00:00:00;10,950529;24,280529;18,018862;1006,7;1012,4;1009,29175;1,2
2024-05-21T00:00:00;12,420529;18,830528;15,396362;1007,1;1009,9;1008,80005;7,9
2024-05-22T00:00:00;12,110529;18,340528;15,002613;1010,4;1016,6;1013,2083;1,2
2024-05-23T00:00:00;10,680529;17,850529;14,460114;1017;1020,9;1018,38745;0,8
2024-05-24T00:00:00;11,130529;15,850529;13,879279;1018,3;1021,2;1019,77924;2,2
2024-05-25T00:00:00;9,650529;20,71053;15,782196;1016,2;1020;1018,27924;0
2024-05-26T00:00:00;10,780529;23,98053;17,887613;1016,2;1018,9;1017,59985;1,9
2024-05-27T00:00:00;12,790529;18,090528;15,904279;1016,9;1020,2;1018,50006;17,6
2024-05-28T00:00:00;10,610529;20,79053;16,102194;1018,1;1022,4;1020,1584;0
2024-05-29T00:00:00;14,3005295;19,65053;16,530527;1011,2;1018,1;1014,8791;4,2
2024-05-30T00:00:00;10,900529;16,55053;14,520114;1007,2;1011,1;1008,58325;3,8000002
2024-05-31T00:00:00;9,590529;14,490529;12,415112;1009,8;1015;1011,9084;1,6000001
2024-06-01T00:00:00;10,980529;19,080528;15,035947;1015;1018,1;1016,46674;0,6
2024-06-02T00:00:00;13,220529;18,110529;15,365529;1017,3;1018,9;1017,9543;4,1
2024-06-03T00:00:00;13,720529;19,600529;16,368029;1017,2;1018,6;1017,93335;0,6
2024-06-04T00:00:00;12,650529;22,95053;18,129694;1011,6;1017,7;1014,5166;0
2024-06-05T00:00:00;13,260529;23,23053;18,950111;1013,7;1016,6;1014,6125;0,6
2024-06-06T00:00:00;12,540529;25,590528;19,87886;1015,3;1018,2;1016,62085;0,3
2024-06-07T00:00:00;16,930529;23,55053;20,830114;1015,7;1018,6;1017,28326;0,90000004
2024-06-08T00:00:00;15,460529;24,46053;19,476782;1011,6;1015,6;1013,20844;9,4
2024-06-09T00:00:00;15,160529;20,48053;17,167614;1006,6;1011,7;1008,61664;3,4
2024-06-10T00:00:00;11,910529;21,500528;17,18928;1008,5;1014,1;1010,45844;0,8
2024-06-11T00:00:00;10,520529;18,240528;14,195527;1014,6;1018,4;1016,00836;0,8
2024-06-12T00:00:00;8,420529;18,96053;14,23053;1016,4;1020,1;1018,3752;0
2024-06-13T00:00:00;10,250529;19,780529;15,6580305;1013,9;1019,6;1017,3166;0
2024-06-14T00:00:00;12,810529;22,89053;17,864279;1007,6;1014,2;1011,7375;0,7
2024-06-15T00:00:00;13,700529;20,030529;16,920113;1006,8;1013,1;1011,21246;7,2
2024-06-16T00:00:00;13,530529;22,62053;18,270113;1009,6;1013,8;1011,9626;1
2024-06-17T00:00:00;16,47053;23,82053;20,633446;1013,6;1015,7;1014,4792;0
2024-06-18T00:00:00;17,57053;31,500528;24,696783;1010,8;1015,5;1013,15424;0,5
2024-06-19T00:00:00;19,010529;26,72053;23,12636;1012,7;1019,7;1015,4583;0,8
2024-06-20T00:00:00;16,96053;27,07053;21,725113;1015,4;1021,1;1017,92084;0,2
2024-06-21T00:00:00;15,310529;20,930529;18,741776;1014,8;1018,1;1016,4207;8,5
2024-06-22T00:00:00;13,430529;17,90053;16,094694;1015,6;1018;1017,09155;4,4
2024-06-23T00:00:00;13,100529;21,64053;17,622194;1016,2;1018,6;1017,58746;0
2024-06-24T00:00:00;13,400529;27,350529;20,954279;1013,2;1017,9;1015,38745;0
2024-06-25T00:00:00;14,670529;26,82053;21,51719;1010,4;1013,7;1012,00415;0,4
2024-06-26T00:00:00;19,04053;24,590528;21,82886;1010,9;1012,8;1011,69586;2,1
2024-06-27T00:00:00;18,680529;27,580528;23,230532;1011,8;1014,3;1012,83344;0,2
2024-06-28T00:00:00;19,79053;28,410528;24,203445;1014,3;1017,8;1016,2917;0,7
2024-06-29T00:00:00;18,46053;33,44053;25,595114;1004,9;1016,8;1011,6167;0,8
2024-06-30T00:00:00;15,610529;23,270529;20,05636;1008,2;1015,8;1011,96686;0,6
2024-07-01T00:00:00;15,180529;20,100529;17,58678;1014,7;1019,1;1016,3625;4,2
2024-07-02T00:00:00;14,280529;21,79053;17,397196;1014,6;1018,5;1016,18756;0,2
2024-07-03T00:00:00;12,620529;18,72053;15,73053;1010,9;1014;1012,24585;3,1
2024-07-04T00:00:00;12,060529;21,23053;17,689695;1009,8;1015,1;1012,01245;0
2024-07-05T00:00:00;12,180529;26,020529;20,296782;1009,1;1015,9;1012,9209;0
2024-07-06T00:00:00;15,720529;26,770529;19,59053;1006,8;1014,6;1009,7126;13,599999
2024-07-07T00:00:00;14,140529;22,180529;18,304277;1014;1016,5;1015,26245;0
2024-07-08T00:00:00;14,450529;27,56053;21,496778;1014,9;1018,1;1016,67084;0
2024-07-09T00:00:00;18,000528;32,450527;25,913445;1012,1;1016,8;1014,39575;0
2024-07-10T00:00:00;19,72053;26,440529;23,039282;1015;1019,7;1017,50836;2,1000001
2024-07-11T00:00:00;18,520529;26,350529;22,53553;1015,9;1020,1;1018,37085;1,5000001
2024-07-12T00:00:00;16,20053;23,55053;20,255114;1011,9;1015,7;1013,38763;4,7
2024-07-13T00:00:00;14,390529;22,850529;18,421362;1012,6;1015,3;1013,9709;0,2
2024-07-14T00:00:00;13,740529;25,29053;20,670946;1012,7;1014,9;1013,7751;0
2024-07-15T00:00:00;16,690529;31,88053;24,735529;1008,1;1013,9;1011,654;0,8
2024-07-16T00:00:00;18,46053;24,830528;21,698446;1013,9;1019,8;1016,67926;0,2
2024-07-17T00:00:00;16,54053;26,06053;21,382196;1018,8;1021,4;1020,14996;0
2024-07-18T00:00:00;15,140529;28,98053;22,90428;1018,1;1021,2;1019,8083;0
2024-07-19T00:00:00;20,170528;32,10053;26,424698;1014,4;1019,6;1017,125;0
2024-07-20T00:00:00;21,860529;32,060528;26,905945;1006,4;1014,7;1010,44165;0
2024-07-21T00:00:00;17,840528;25,760529;21,222612;1005,9;1014,8;1010,3792;3,7999997
2024-07-22T00:00:00;18,62053;25,260529;21,337194;1015,1;1020,8;1018,02924;1,4000001
2024-07-23T00:00:00;16,610529;27,07053;21,719278;1019;1021,5;1020,2668;0
2024-07-24T00:00:00;15,920529;24,81053;20,527613;1017,2;1021,5;1019,1875;0
2024-07-25T00:00:00;15,940529;27,47053;22,407194;1011,8;1017,2;1014,51666;0
2024-07-26T00:00:00;18,57053;29,760529;24,758028;1011,4;1013,3;1012,10425;0
2024-07-27T00:00:00;21,020529;31,30053;25,862196;1012,6;1015,9;1013,59576;1,3
2024-07-28T00:00:00;15,360529;26,47053;21,232195;1016,6;1024,9;1022,41656;0,8
2024-07-29T00:00:00;15,180529;30,30053;23,612612;1018,6;1023,4;1021,0625;0
2024-07-30T00:00:00;19,170528;35,83053;28,101782;1013,2;1019,3;1016,32495;0
2024-07-31T00:00:00;24,15053;35,83053;29,747198;1010,1;1015,1;1012,97906;1,1
2024-08-01T00:00:00;21,71053;28,610529;24,983444;1011,8;1013,4;1012,77515;6,5
2024-08-02T00:00:00;20,280529;27,350529;23,179277;1011,4;1013,5;1012,37915;0,5
2024-08-03T00:00:00;18,600529;26,45053;22,680946;1012,3;1015,1;1013,26666;0,6
2024-08-04T00:00:00;17,340528;26,580528;22,274696;1013,7;1015,8;1015,00824;0
2024-08-05T00:00:00;17,63053;28,430529;23,027617;1012,3;1015,5;1013,95844;0
2024-08-06T00:00:00;18,31053;30,910528;25,1922;1010,3;1013,3;1011,84174;0
2024-08-07T00:00:00;20,14053;27,580528;23,622194;1011;1015,7;1013,1082;0,2
2024-08-08T00:00:00;18,37053;27,500528;22,474695;1015,3;1018,2;1016,78345;0
2024-08-09T00:00:00;18,180529;29,72053;24,054695;1017,5;1020,4;1018,3918;0
2024-08-10T00:00:00;19,80053;30,38053;25,23303;1019,8;1021,3;1020,6375;0
2024-08-11T00:00:00;19,40053;32,970528;26,484694;1014,9;1021,4;1018,3;0
2024-08-12T00:00:00;20,940529;35,130527;28,088028;1011,1;1015,1;1012,7666;0
2024-08-13T00:00:00;21,160528;33,310528;27,796782;1007,6;1011,9;1009,77075;0
2024-08-14T00:00:00;21,170528;31,020529;25,340944;1009,8;1016,1;1012,35004;1,3
2024-08-15T00:00:00;18,780529;29,350529;24,212198;1015,5;1017,7;1016,87915;0
2024-08-16T00:00:00;20,590528;28,410528;25,03678;1014,9;1018;1016,6499;0
2024-08-17T00:00:00;19,860529;28,96053;24,130945;1011,1;1015,7;1013,1875;1
2024-08-18T00:00:00;17,82053;23,80053;20,030947;1010,2;1014,9;1011,92914;3,1999998
2024-08-19T00:00:00;15,470529;24,82053;19,729279;1013,7;1017,2;1015,45;0
2024-08-20T00:00:00;15,170529;27,14053;21,120111;1011,4;1014,3;1012,9709;0
2024-08-21T00:00:00;15,390529;24,100529;20,155113;1014,3;1020;1018,0666;1,1
2024-08-22T00:00:00;13,920529;26,73053;20,53303;1012,1;1018,9;1014,94995;0
2024-08-23T00:00:00;16,30053;29,090528;23,214277;1012,8;1015,3;1013,9084;0
2024-08-24T00:00:00;18,39053;33,75053;26,100943;1009,3;1015,3;1012,72925;0
2024-08-25T00:00:00;13,850529;23,38053;19,831362;1015;1022,6;1020,79156;12,2
2024-08-26T00:00:00;15,360529;23,12053;19,064697;1020,3;1023,4;1021,64996;0
2024-08-27T00:00:00;13,970529;27,590528;20,76678;1015,5;1022,1;1018,62915;0
2024-08-28T00:00:00;16,15053;31,770529;24,279696;1014,9;1017,5;1016,304;0
2024-08-29T00:00:00;19,660528;32,700527;26,525942;1015,9;1018,9;1017,25836;0
2024-08-30T00:00:00;19,87053;32,25053;26,49386;1014,8;1017,8;1016,36255;0
2024-08-31T00:00:00;19,13053;31,600529;25,774694;1015,1;1018,5;1016,6208;0
2024-09-01T00:00:00;18,45053;31,740528;25,815943;1012,4;1016,4;1014,30835;0,8000001
2024-09-02T00:00:00;18,48053;29,020529;24,014277;1012,2;1015;1013,4626;0,1
2024-09-03T00:00:00;19,510529;29,340528;24,730528;1013,5;1016,1;1014,8708;0,4
2024-09-04T00:00:00;18,57053;23,46053;21,165113;1011,9;1017,1;1014,7834;2,6999998
2024-09-05T00:00:00;15,580529;23,90053;19,006779;1006,1;1012,7;1008,8208;0,6
2024-09-06T00:00:00;12,8005295;26,030529;19,33053;1010,7;1014,5;1012,7918;0
2024-09-07T00:00:00;15,190529;28,440529;22,11303;1008,6;1013,6;1010,9292;0
2024-09-08T00:00:00;15,650529;23,32053;18,890114;1009,8;1013,8;1011,85004;3,5
2024-09-09T00:00:00;14,010529;18,64053;16,610947;1008,4;1014,3;1010,87085;1,2
2024-09-10T00:00:00;13,180529;20,82053;16,722612;1012,5;1017,3;1014,90424;0
2024-09-11T00:00:00;10,810529;16,70053;13,910111;1009,4;1012,7;1010,9875;3,3
2024-09-12T00:00:00;9,290529;13,770529;11,381778;1012,7;1017;1014,6792;0,1
2024-09-13T00:00:00;7,8605285;14,160529;10,517196;1017,3;1025,9;1021,6792;0,90000004
2024-09-14T00:00:00;7,1505284;15,5505295;11,076779;1027,3;1029,3;1028,4292;0
2024-09-15T00:00:00;5,6305285;16,80053;11,503028;1022,4;1028,8;1025,5583;0
2024-09-16T00:00:00;8,840529;18,15053;13,700944;1019,3;1023,7;1021,01263;0,2
2024-09-17T00:00:00;10,920529;20,39053;15,13636;1018,4;1020,3;1019,28754;0
2024-09-18T00:00:00;9,390529;21,72053;15,138447;1017,8;1022,3;1019,84174;0
2024-09-19T00:00:00;9,730529;22,100529;15,898864;1015,8;1019,9;1017,575;0
2024-09-20T00:00:00;10,960529;24,080528;17,848446;1017,5;1019,9;1018,59576;0
2024-09-21T00:00:00;13,220529;24,520529;18,71678;1016,9;1020,5;1018,7791;0
2024-09-22T00:00:00;15,510529;22,70053;18,390112;1013,2;1019;1016,12506;0,5
2024-09-23T00:00:00;13,310529;18,830528;15,594277;1010,5;1013,8;1012,2375;11,999999
2024-09-24T00:00:00;12,430529;20,530529;15,573029;1008,8;1012,1;1010,58325;0,7
2024-09-25T00:00:00;11,170529;22,54053;17,256361;1004,8;1012,3;1009,14996;0
2024-09-26T00:00:00;15,280529;18,530529;16,782198;997,9;1004,8;1001,57916;34,399998
2024-09-27T00:00:00;11,260529;19,090528;14,321781;1003,8;1010,5;1006,50006;1,7
2024-09-28T00:00:00;7,9905286;13,250529;11,210114;1011,1;1028;1020,1458;5,8999996
2024-09-29T00:00:00;5,1605287;17,360529;11,640113;1020,1;1029,3;1024,8375;0
2024-09-30T00:00:00;12,790529;20,680529;16,667196;1015;1020,2;1017,5166;0
2024-10-01T00:00:00;13,170529;18,21053;14,930111;1002,6;1016,6;1011,78735;7,1999993
2024-10-02T00:00:00;10,770529;16,21053;12,970529;1003,6;1011,2;1009,4624;5,1
2024-10-03T00:00:00;9,650529;15,470529;11,914281;1010;1014,7;1011,9124;0
2024-10-04T00:00:00;6,5305285;13,260529;10,085111;1014,4;1018;1016,1375;1,4000001
2024-10-05T00:00:00;7,2405286;15,370529;10,783029;1013,1;1019;1016,0625;0
2024-10-06T00:00:00;5,4505286;19,420528;12,609695;1006,9;1013,6;1009,575;0
2024-10-07T00:00:00;14,630529;24,37053;19,384695;1001,5;1008,8;1005,21655;0,2
2024-10-08T00:00:00;9,770529;19,87053;14,19178;1001,3;1007;1004,1875;6,6
2024-10-09T00:00:00;11,790529;21,46053;16,27928;988,3;1005,4;996,446;0,70000005
2024-10-10T00:00:00;11,540529;17,96053;14,259278;990;1011,7;1003,1916;0,8000001
2024-10-11T00:00:00;8,440529;14,640529;11,689279;1012,7;1018,3;1016,5833;0,2
2024-10-12T00:00:00;5,1805286;18,190529;11,877194;1013,1;1018,4;1015,25;5,5
2024-10-13T00:00:00;9,540529;16,490528;14,641778;1014,6;1021,5;1018,92084;1
2024-10-14T00:00:00;8,290529;21,97053;14,790527;1015,8;1021,5;1018,7666;0
2024-10-15T00:00:00;11,910529;21,89053;15,755946;1013,7;1019,4;1016,7874;3,3999999
2024-10-16T00:00:00;12,060529;21,490528;16,53803;1011,8;1014,5;1013,12506;0
2024-10-17T00:00:00;14,750529;22,110529;17,946777;1011,6;1014,5;1013,10834;0
2024-10-18T00:00:00;13,170529;17,15053;15,02053;1012;1016,1;1013,2917;4,4000006
2024-10-19T00:00:00;10,150529;17,410528;14,03178;1016,8;1021,6;1019,07086;0
2024-10-20T00:00:00;11,410529;20,20053;15,740947;1021,7;1024,9;1022,80005;0
2024-10-21T00:00:00;12,170529;23,70053;17,115532;1023;1027,3;1024,9625;0
2024-10-22T00:00:00;12,980529;19,65053;16,32553;1024,5;1031;1027,8502;0,70000005
2024-10-23T00:00:00;10,700529;15,590529;12,910529;1027,4;1031,9;1030,3041;0,4
2024-10-24T00:00:00;9,390529;18,780529;13,968862;1021,8;1028;1024,3708;0,1
2024-10-25T00:00:00;10,8005295;20,600529;15,600529;1018,1;1021,9;1019,75415;0
2024-10-26T00:00:00;11,540529;20,160528;15,286778;1013,4;1019,8;1016,4875;0
2024-10-27T00:00:00;12,590529;20,80053;16,597612;1015;1025,6;1020,7292;0
2024-10-28T00:00:00;12,490529;20,23053;16,37303;1024,9;1027,8;1026,1459;0
2024-10-29T00:00:00;11,490529;19,770529;15,605946;1025;1028;1026,2875;0
2024-10-30T00:00:00;9,650529;18,270529;13,687196;1024,8;1027,1;1026,1083;0
2024-10-31T00:00:00;8,760529;17,56053;12,436362;1025,5;1028,2;1026,8624;0
2024-11-01T00:00:00;7,3005285;18,360529;12,754695;1022,8;1027,2;1025,5126;0
2024-11-02T00:00:00;6,9805284;14,010529;10,534696;1026;1029,8;1027,4625;0
2024-11-03T00:00:00;5,7505283;15,250529;9,753863;1026,5;1030,9;1028,6334;0
2024-11-04T00:00:00;5,0005283;15,920529;10,0817795;1023,6;1027,8;1025,8707;0
2024-11-05T00:00:00;5,290529;18,37053;12,175113;1023;1025,8;1024,5085;0
2024-11-06T00:00:00;8,530529;16,54053;12,620946;1026,3;1029,2;1027,529;0
2024-11-07T00:00:00;6,3705287;13,620529;9,18303;1027,7;1029,7;1028,7958;0
2024-11-08T00:00:00;5,9405284;14,440529;9,763028;1023,3;1028,4;1025,8876;0
2024-11-09T00:00:00;6,9505286;16,39053;10,84053;1023,7;1027,4;1025,6625;0
2024-11-10T00:00:00;5,9405284;13,080529;9,013446;1025;1028,2;1026,4166;0
2024-11-11T00:00:00;3,7105286;11,090529;7,503862;1026,3;1030,2;1028,1417;1,1
2024-11-12T00:00:00;2,7805285;11,030529;7,1026115;1022,1;1027,1;1025,0374;0,3
2024-11-13T00:00:00;-0,69947135;7,4305286;3,8271952;1026,1;1030,5;1028,9126;0
2024-11-14T00:00:00;0,7605287;8,620529;5,151362;1026,8;1030,2;1028,5208;0,2
2024-11-15T00:00:00;2,8105285;8,810529;5,705111;1026;1028,1;1027,0166;0
2024-11-16T00:00:00;0,09052865;10,810529;5,7351117;1019,2;1025,7;1022,38336;0
2024-11-17T00:00:00;4,6905284;10,820529;7,665945;1015,6;1019,3;1017,42487;0
2024-11-18T00:00:00;5,1305285;12,020529;8,81928;1011,8;1018;1015,26666;0
2024-11-19T00:00:00;9,780529;13,250529;11,090529;992;1011,5;1003,63336;9,2
2024-11-20T00:00:00;1,1905286;5,6605287;3,5721948;998,3;1009,6;1006,6167;5,4
2024-11-21T00:00:00;-1,0894713;4,4105287;0,596362;986;1011,5;1000,53754;22,699999
2024-11-22T00:00:00;-5,5694714;1,0705286;-0,70238805;998,6;1021,5;1011,45825;2,3999999
2024-11-23T00:00:00;-1,9494714;5,2705283;1,6646953;1018,1;1024,9;1022,1082;0
2024-11-24T00:00:00;4,6405287;13,150529;7,854279;1017,9;1020,5;1019,1208;0
2024-11-25T00:00:00;2,7305286;17,580528;10,580945;1009,1;1019,2;1013,8416;2,9
2024-11-26T00:00:00;7,8605285;11,740529;9,366362;1017,7;1024,4;1021,72906;1,3000001
2024-11-27T00:00:00;6,6805286;13,510529;9,885529;1019;1023,3;1021,14996;0
2024-11-28T00:00:00;2,8805285;11,990529;7,6801114;1019,5;1031,3;1025,1666;4
2024-11-29T00:00:00;0,20052865;8,770529;3,5509455;1029,3;1032,4;1031;0
2024-11-30T00:00:00;-0,20947134;7,9305286;2,4584453;1028,6;1031,1;1029,996;0
2024-12-01T00:00:00;1,1105287;8,640529;4,3321953;1023;1029,6;1026,3583;0
2024-12-02T00:00:00;5,6405287;13,180529;9,106779;1016,3;1022,8;1018,51263;1,9000001
2024-12-03T00:00:00;4,3005285;7,9805284;6,015112;1018,6;1022,6;1021,14996;0,4
2024-12-04T00:00:00;2,2405286;6,6905284;4,295945;1021,6;1031;1026,3375;0,3
2024-12-05T00:00:00;-0,36947134;9,420529;4,2171955;1017;1031,3;1025,5125;0
2024-12-06T00:00:00;4,3405285;10,770529;7,831362;1010,7;1022,2;1017,8291;3,2
2024-12-07T00:00:00;2,6105285;10,420529;6,170946;1002,6;1019,5;1007,67084;2,9999998
2024-12-08T00:00:00;3,9205287;7,3005285;5,587195;1001,4;1010,5;1005,1125;0,5
2024-12-09T00:00:00;3,3405285;7,1005287;4,724695;1011,5;1019,1;1015,1333;2,3
2024-12-10T00:00:00;-1,1894714;5,8505287;2,0830286;1019,1;1023,3;1021,2751;0
2024-12-11T00:00:00;-1,2894714;5,5505285;0,8596954;1023,4;1030;1026,275;0
2024-12-12T00:00:00;-0,62947136;5,3505287;1,1934452;1026,6;1030,3;1028,4125;0
2024-12-13T00:00:00;-1,9494714;6,0105286;1,4921952;1024,6;1028,2;1026,2125;0
2024-12-14T00:00:00;2,4005284;7,4405284;4,514279;1021,1;1025,1;1023,09174;0,2
2024-12-15T00:00:00;2,4405286;6,2105284;3,719695;1025,5;1037;1031,3749;0,3
2024-12-16T00:00:00;3,2005286;10,120529;6,333445;1035,2;1037,4;1036,0626;0
2024-12-17T00:00:00;2,4305286;10,090529;5,9526124;1025,4;1035,4;1030,5542;0
2024-12-18T00:00:00;5,8405285;12,730529;9,253446;1016,2;1025,6;1021,8499;0
2024-12-19T00:00:00;4,2805285;13,960529;9,637612;1002,3;1014,7;1008,6289;5,7000003
2024-12-20T00:00:00;0,72052866;4,9105287;2,3476121;1015,9;1026;1022,42914;0,3
2024-12-21T00:00:00;2,6805286;8,660529;5,913445;1016,2;1024,6;1021,30414;0,8
2024-12-22T00:00:00;0,8305287;8,270529;5,2021947;1005,1;1014,8;1008,8542;3,4
2024-12-23T00:00:00;1,7005286;5,2405286;3,6721947;1006,8;1023,6;1014,37494;0,4
2024-12-24T00:00:00;-0,57947135;4,4705286;2,2559452;1024,5;1033,7;1029,2625;0
2024-12-25T00:00:00;-0,27947134;6,6405287;1,9692788;1033,7;1038;1036,1499;0
2024-12-26T00:00:00;-0,9194713;4,2305284;0,9196954;1034,2;1037,7;1035,7667;0
2024-12-27T00:00:00;-1,7794713;5,2705283;1,2396953;1032,4;1035,5;1033,8458;0
2024-12-28T00:00:00;0,14052865;6,0505285;3,1963623;1031,1;1033,8;1032,2875;0
2024-12-29T00:00:00;2,2305286;6,040529;3,9680288;1030,4;1033,3;1031,8624;0
2024-12-30T00:00:00;-0,26947135;6,2005286;2,340112;1030;1034,2;1032,1583;0
2024-12-31T00:00:00;2,4305286;6,5905285;4,045945;1027,2;1030,9;1028,5625;0
